CREATE SCHEMA drug_store_chain_open_sorcerers;
USE drug_store_chain_open_sorcerers;

-- Create table doctors
CREATE TABLE doctors (
  ssn INT NOT NULL,
  name VARCHAR(45) NOT NULL,
  specialty VARCHAR(45) NULL,
  years_experience INT NULL,
  PRIMARY KEY (ssn)
);

-- Create table patients
CREATE TABLE patients (
  ssn INT NOT NULL,
  name VARCHAR(45) NOT NULL,
  age INT NULL,
  address VARCHAR(100) NULL,
  PRIMARY KEY (ssn)
);

-- Create table pharma_companies
CREATE TABLE pharma_companies (
  id INT NOT NULL AUTO_INCREMENT,
  name VARCHAR(45) NOT NULL,
  phone VARCHAR(45) NOT NULL,
  PRIMARY KEY (id)
);

-- Create table formulas
CREATE TABLE formulas (
  id INT NOT NULL AUTO_INCREMENT,
  active_ingredient VARCHAR(45) NOT NULL,
  concentration DECIMAL(2) NOT NULL,
  PRIMARY KEY (`id`)
);

-- Create table drugs
CREATE TABLE drugs (
  trade_name VARCHAR(45) NOT NULL,
  formula_id INT NOT NULL,
  PRIMARY KEY (trade_name),
    CONSTRAINT fk_drugs_formulas1a
    FOREIGN KEY (formula_id)
    REFERENCES formulas (id)
    ON DELETE NO ACTION
    ON UPDATE NO ACTION
);

-- Create table pharmacies
CREATE TABLE pharmacies (
  id INT NOT NULL AUTO_INCREMENT,
  name VARCHAR(45) NOT NULL,
  address VARCHAR(45) NULL,
  phone VARCHAR(45) NULL,
  PRIMARY KEY (id)
);

-- Create many to many with doctors and patients
CREATE TABLE patients_has_doctors (
  patients_ssn INT NOT NULL,
  doctors_ssn INT NOT NULL,
  CONSTRAINT fk_patients_has_doctors_patients
    FOREIGN KEY (patients_ssn)
    REFERENCES patients (ssn)
    ON DELETE NO ACTION
    ON UPDATE NO ACTION,
  CONSTRAINT fk_patients_has_doctors_doctors1
    FOREIGN KEY (doctors_ssn)
    REFERENCES doctors (ssn)
    ON DELETE NO ACTION
    ON UPDATE NO ACTION
);

-- Create many to many relationship for pharmacies and drugs.
CREATE TABLE pharmacies_has_drugs (
  pharmacies_id INT NOT NULL,
  drug_trade_name VARCHAR(45) NOT NULL,
  price DECIMAL(18, 2) NOT NULL,
  CONSTRAINT fk_pharmacies_has_drugs_pharmacies1
    FOREIGN KEY (pharmacies_id)
    REFERENCES pharmacies (id)
    ON DELETE NO ACTION
    ON UPDATE NO ACTION,
  CONSTRAINT fk_pharmacies_has_drugs_drugs1
    FOREIGN KEY (drug_trade_name)
    REFERENCES drugs (trade_name)
    ON DELETE NO ACTION
    ON UPDATE NO ACTION
);

-- Create many to many relationship between drugs and pharma companies.
CREATE TABLE drugs_has_pharma_companies (
  drugs_id VARCHAR(45) NOT NULL,
  pharma_companies_id INT NOT NULL,
  CONSTRAINT fk_drugs_has_pharma_companies_drugs1
    FOREIGN KEY (drugs_id)
    REFERENCES drugs (trade_name)
    ON DELETE NO ACTION
    ON UPDATE NO ACTION,
  CONSTRAINT fk_drugs_has_pharma_companies_pharma_companies1
    FOREIGN KEY (pharma_companies_id)
    REFERENCES pharma_companies (id)
    ON DELETE NO ACTION
    ON UPDATE NO ACTION
);

-- Create table prescriptions
CREATE TABLE prescriptions (
  rxid int NOT NULL AUTO_INCREMENT,
  patients_ssn INT NOT NULL,
  doctors_ssn INT NOT NULL,
  drug_trade_name VARCHAR(45) NOT NULL,
  filling_pharmacy_id INT NULL,
  filled_on DATE,
  quantity INT NOT NULL,
  PRIMARY KEY (rxid),
  CONSTRAINT fk_prescriptions_patients_has_doctors1
    FOREIGN KEY (patients_ssn)
    REFERENCES patients_has_doctors (patients_ssn)
    ON DELETE NO ACTION
    ON UPDATE NO ACTION,
  CONSTRAINT fk_prescriptions_patient_has_doctors2
	FOREIGN KEY (doctors_ssn)
    REFERENCES patients_has_doctors (doctors_ssn)
    ON DELETE NO ACTION
    ON UPDATE NO ACTION,
  CONSTRAINT fk_prescriptions_drugs1
    FOREIGN KEY (drug_trade_name)
    REFERENCES drugs (trade_name)
    ON DELETE NO ACTION
    ON UPDATE NO ACTION,
  CONSTRAINT fk_prescriptions_pharmacies1
    FOREIGN KEY (filling_pharmacy_id)
    REFERENCES pharmacies (id)
    ON DELETE NO ACTION
    ON UPDATE NO ACTION
);

-- Create table supervisors
CREATE TABLE supervisors (
  employee_id INT NOT NULL,
  name VARCHAR(45) NOT NULL,
  phone VARCHAR(45) NOT NULL,
  PRIMARY KEY (employee_id)
);

-- Create table contracts
CREATE TABLE contracts (
  pharmacy_id INT NOT NULL,
  pharma_company_id INT NOT NULL,
  contract_copy LONGTEXT NOT NULL,
  start_date DATE NOT NULL,
  end_date DATE NOT NULL,
  supervisors_employee_id INT NOT NULL,
  CONSTRAINT fk_pharmacies_has_pharma_companies_pharmacies1
    FOREIGN KEY (pharmacy_id)
    REFERENCES pharmacies (id)
    ON DELETE NO ACTION
    ON UPDATE NO ACTION,
  CONSTRAINT fk_pharmacies_has_pharma_companies_pharma_companies1
    FOREIGN KEY (pharma_company_id)
    REFERENCES pharma_companies (id)
    ON DELETE NO ACTION
    ON UPDATE NO ACTION,
  CONSTRAINT fk_contracts_supervisors1
    FOREIGN KEY (supervisors_employee_id)
    REFERENCES supervisors (employee_id)
    ON DELETE NO ACTION
    ON UPDATE NO ACTION
);

-- Create many to many relationship between pharmacies and supervisors.
CREATE TABLE pharmacies_has_supervisors (
  pharmacies_id INT NOT NULL,
  supervisors_id INT NOT NULL,
  CONSTRAINT fk_pharmacies_has_supervisors_pharmacies1
    FOREIGN KEY (pharmacies_id)
    REFERENCES pharmacies (id)
    ON DELETE NO ACTION
    ON UPDATE NO ACTION,
  CONSTRAINT fk_pharmacies_has_supervisors_supervisors1
    FOREIGN KEY (supervisors_id)
    REFERENCES supervisors (employee_id)
    ON DELETE NO ACTION
    ON UPDATE NO ACTION
);

-- Sample doctors
INSERT INTO doctors
VALUES
(170491829, 'Amy Ortega', 'Cardio', 41),
(170491832, 'Amy Jobes', 'Pediatrist', 29),
(170491856, 'Amy Jobs', 'Pediatrist', 3),
(170491904, 'Amy Martinez', 'Optomitrist', 13),
(170491923, 'Amy Gonzales', 'Dermatology', 0),
(170491956, 'Amy Houser', 'OBGYN', 25),
(170491994, 'Amy Ripley', 'Cardio', 12),
(170492005, 'Amy Aldrin', 'OBGYN', 44),
(170492030, 'Amy Skywalker', 'Optomitrist', 7),
(170492075, 'Amy Oakenshield', 'Dermatology', 5),
(170492107, 'Amy Oswald', 'Pediatric', 29),
(170492126, 'Amy Dent', 'Pediatric', 2),
(170492128, 'Amy Kent', 'OBGYN', 34),
(170492145, 'Amy Stark', 'Neuro', 23),
(170492195, 'Amy Wilson', 'Neuro', 21),
(170492232, 'Amy Lopez', 'Pediatrist', 40),
(170492272, 'Amy Bray', 'Pediatric', 40),
(170492289, 'Amy Hopper', 'Neuro', 47),
(170492305, 'Amy Einstein', 'Neuro', 30),
(170492322, 'Amy Shelley', 'Cardio', 15),
(170492365, 'Julia Ortega', 'Cardio', 45),
(170492410, 'Julia Jobes', 'Optomitrist', 10),
(170492428, 'Julia Jobs', 'Cardio', 29),
(170492464, 'Julia Martinez', 'Pediatric', 4),
(170492479, 'Julia Gonzales', 'Pediatric', 38),
(170492519, 'Julia Houser', 'Pediatric', 2),
(170492566, 'Julia Ripley', 'OBGYN', 4),
(170492606, 'Julia Aldrin', 'Pediatrist', 8),
(170492614, 'Julia Skywalker', 'Neuro', 6),
(170492641, 'Julia Oakenshield', 'Cardio', 29),
(170492661, 'Julia Oswald', 'Cardio', 24),
(170492671, 'Julia Dent', 'Optomitrist', 33),
(170492715, 'Julia Kent', 'Dermatology', 32),
(170492716, 'Julia Stark', 'OBGYN', 46),
(170492752, 'Julia Wilson', 'OBGYN', 3),
(170492787, 'Julia Lopez', 'Pediatric', 42),
(170492834, 'Julia Bray', 'OBGYN', 7),
(170492865, 'Julia Hopper', 'Optomitrist', 0),
(170492915, 'Julia Einstein', 'Optomitrist', 29),
(170492951, 'Julia Shelley', 'Pediatrist', 14),
(170492984, 'Christie Ortega', 'Optomitrist', 6),
(170492994, 'Christie Jobes', 'Pediatrist', 5),
(170493001, 'Christie Jobs', 'Cardio', 43),
(170493015, 'Christie Martinez', 'OBGYN', 6),
(170493059, 'Christie Gonzales', 'Optomitrist', 34),
(170493089, 'Christie Houser', 'Pediatrist', 7),
(170493138, 'Christie Ripley', 'Pediatric', 40),
(170493171, 'Christie Aldrin', 'Cardio', 35),
(170493216, 'Christie Skywalker', 'Pediatric', 29),
(170493227, 'Christie Oakenshield', 'Pediatrist', 45),
(170493237, 'Christie Oswald', 'Neuro', 28),
(170493275, 'Christie Dent', 'Optomitrist', 41),
(170493304, 'Christie Kent', 'Cardio', 35),
(170493317, 'Christie Stark', 'Neuro', 28),
(170493319, 'Christie Wilson', 'Pediatric', 4),
(170493366, 'Christie Lopez', 'Cardio', 40),
(170493405, 'Christie Bray', 'Neuro', 37),
(170493432, 'Christie Hopper', 'Optomitrist', 43),
(170493475, 'Christie Einstein', 'OBGYN', 13),
(170493525, 'Christie Shelley', 'Pediatrist', 25),
(170493545, 'Kate Ortega', 'Optomitrist', 6),
(170493573, 'Kate Jobes', 'Pediatrist', 0),
(170493588, 'Kate Jobs', 'Dermatology', 47),
(170493614, 'Kate Martinez', 'Neuro', 46),
(170493649, 'Kate Gonzales', 'Cardio', 0),
(170493658, 'Kate Houser', 'OBGYN', 35),
(170493662, 'Kate Ripley', 'Pediatric', 29),
(170493710, 'Kate Aldrin', 'Optomitrist', 32),
(170493757, 'Kate Skywalker', 'OBGYN', 47),
(170493800, 'Kate Oakenshield', 'Pediatrist', 35),
(170493811, 'Kate Oswald', 'Pediatrist', 8),
(170493839, 'Kate Dent', 'OBGYN', 2),
(170493856, 'Kate Kent', 'Dermatology', 35),
(170493892, 'Kate Stark', 'Optomitrist', 39),
(170493941, 'Kate Wilson', 'Cardio', 15),
(170493987, 'Kate Lopez', 'Optomitrist', 25),
(170494034, 'Kate Bray', 'Dermatology', 22),
(170494071, 'Kate Hopper', 'Optomitrist', 9),
(170494084, 'Kate Einstein', 'Dermatology', 24),
(170494132, 'Kate Shelley', 'Dermatology', 10),
(170494139, 'Raechel Ortega', 'Neuro', 40),
(170494172, 'Raechel Jobes', 'Pediatrist', 4),
(170494195, 'Raechel Jobs', 'Dermatology', 40),
(170494215, 'Raechel Martinez', 'Optomitrist', 0),
(170494252, 'Raechel Gonzales', 'OBGYN', 15),
(170494288, 'Raechel Houser', 'Pediatric', 40),
(170494308, 'Raechel Ripley', 'Pediatric', 0),
(170494331, 'Raechel Aldrin', 'Neuro', 45),
(170494352, 'Raechel Skywalker', 'OBGYN', 48),
(170494359, 'Raechel Oakenshield', 'Neuro', 6),
(170494371, 'Raechel Oswald', 'Neuro', 46),
(170494416, 'Raechel Dent', 'Pediatrist', 17),
(170494450, 'Raechel Kent', 'Optomitrist', 24),
(170494480, 'Raechel Stark', 'Optomitrist', 6),
(170494526, 'Raechel Wilson', 'OBGYN', 47),
(170494569, 'Raechel Lopez', 'Pediatric', 1),
(170494582, 'Raechel Bray', 'Cardio', 24),
(170494591, 'Raechel Hopper', 'Pediatric', 12),
(170494637, 'Raechel Einstein', 'Pediatrist', 24),
(170494678, 'Raechel Shelley', 'Dermatology', 19),
(170494698, 'Jennifer Ortega', 'Cardio', 4),
(170494742, 'Jennifer Jobes', 'Neuro', 11),
(170494776, 'Jennifer Jobs', 'Optomitrist', 1),
(170494809, 'Jennifer Martinez', 'Pediatrist', 46),
(170494826, 'Jennifer Gonzales', 'Pediatrist', 2),
(170494873, 'Jennifer Houser', 'Optomitrist', 20),
(170494881, 'Jennifer Ripley', 'Dermatology', 26),
(170494928, 'Jennifer Aldrin', 'OBGYN', 49),
(170494946, 'Jennifer Skywalker', 'Pediatrist', 48),
(170494986, 'Jennifer Oakenshield', 'Optomitrist', 43),
(170495035, 'Jennifer Oswald', 'Dermatology', 2),
(170495067, 'Jennifer Dent', 'Pediatric', 46),
(170495107, 'Jennifer Kent', 'Optomitrist', 24),
(170495154, 'Jennifer Stark', 'Pediatrist', 42),
(170495193, 'Jennifer Wilson', 'Pediatrist', 48),
(170495221, 'Jennifer Lopez', 'Neuro', 44),
(170495229, 'Jennifer Bray', 'Cardio', 7),
(170495276, 'Jennifer Hopper', 'OBGYN', 46),
(170495317, 'Jennifer Einstein', 'Pediatrist', 35),
(170495350, 'Jennifer Shelley', 'Neuro', 12),
(170495388, 'Jaesa Ortega', 'Pediatrist', 26),
(170495396, 'Jaesa Jobes', 'Neuro', 2),
(170495414, 'Jaesa Jobs', 'Dermatology', 16),
(170495429, 'Jaesa Martinez', 'Pediatric', 35),
(170495439, 'Jaesa Gonzales', 'Neuro', 38),
(170495473, 'Jaesa Houser', 'Pediatric', 43),
(170495503, 'Jaesa Ripley', 'Neuro', 13),
(170495528, 'Jaesa Aldrin', 'Neuro', 5),
(170495576, 'Jaesa Skywalker', 'Pediatric', 30),
(170495584, 'Jaesa Oakenshield', 'Dermatology', 25),
(170495611, 'Jaesa Oswald', 'Neuro', 19),
(170495621, 'Jaesa Dent', 'Pediatrist', 27),
(170495636, 'Jaesa Kent', 'OBGYN', 34),
(170495645, 'Jaesa Stark', 'Pediatric', 33),
(170495647, 'Jaesa Wilson', 'Optomitrist', 49),
(170495684, 'Jaesa Lopez', 'Cardio', 31),
(170495719, 'Jaesa Bray', 'Neuro', 36),
(170495746, 'Jaesa Hopper', 'Neuro', 10),
(170495751, 'Jaesa Einstein', 'Pediatric', 43),
(170495763, 'Jaesa Shelley', 'Cardio', 15),
(170495783, 'Victoria Ortega', 'OBGYN', 22),
(170495829, 'Victoria Jobes', 'Neuro', 37),
(170495848, 'Victoria Jobs', 'Cardio', 7),
(170495858, 'Victoria Martinez', 'Cardio', 49),
(170495888, 'Victoria Gonzales', 'Pediatric', 42),
(170495897, 'Victoria Houser', 'Pediatrist', 43),
(170495903, 'Victoria Ripley', 'Dermatology', 36),
(170495947, 'Victoria Aldrin', 'Pediatric', 41),
(170495982, 'Victoria Skywalker', 'Dermatology', 45),
(170496018, 'Victoria Oakenshield', 'Pediatric', 7),
(170496030, 'Victoria Oswald', 'Cardio', 9),
(170496042, 'Victoria Dent', 'Cardio', 20),
(170496043, 'Victoria Kent', 'Cardio', 35),
(170496069, 'Victoria Stark', 'Neuro', 21),
(170496103, 'Victoria Wilson', 'Cardio', 46),
(170496111, 'Victoria Lopez', 'Cardio', 1),
(170496153, 'Victoria Bray', 'Pediatrist', 22),
(170496167, 'Victoria Hopper', 'Cardio', 32),
(170496211, 'Victoria Einstein', 'Optomitrist', 0),
(170496237, 'Victoria Shelley', 'Neuro', 26),
(170496247, 'Catherine Ortega', 'OBGYN', 32),
(170496291, 'Catherine Jobes', 'OBGYN', 34),
(170496336, 'Catherine Jobs', 'Cardio', 22),
(170496361, 'Catherine Martinez', 'OBGYN', 36),
(170496397, 'Catherine Gonzales', 'OBGYN', 43),
(170496430, 'Catherine Houser', 'Pediatrist', 30),
(170496462, 'Catherine Ripley', 'Pediatrist', 41),
(170496471, 'Catherine Aldrin', 'Cardio', 36),
(170496487, 'Catherine Skywalker', 'Cardio', 16),
(170496525, 'Catherine Oakenshield', 'Pediatrist', 47),
(170496544, 'Catherine Oswald', 'OBGYN', 30),
(170496570, 'Catherine Dent', 'Neuro', 42),
(170496602, 'Catherine Kent', 'Cardio', 18),
(170496647, 'Catherine Stark', 'Pediatric', 48),
(170496677, 'Catherine Wilson', 'Neuro', 9),
(170496717, 'Catherine Lopez', 'Pediatric', 29),
(170496761, 'Catherine Bray', 'Optomitrist', 11),
(170496766, 'Catherine Hopper', 'Cardio', 10),
(170496802, 'Catherine Einstein', 'Neuro', 15),
(170496849, 'Catherine Shelley', 'OBGYN', 49),
(170496852, 'Karen Ortega', 'Dermatology', 31),
(170496895, 'Karen Jobes', 'Optomitrist', 40),
(170496924, 'Karen Jobs', 'Pediatric', 42),
(170496944, 'Karen Martinez', 'Optomitrist', 8),
(170496972, 'Karen Gonzales', 'Neuro', 18),
(170497007, 'Karen Houser', 'Optomitrist', 45),
(170497027, 'Karen Ripley', 'OBGYN', 15),
(170497038, 'Karen Aldrin', 'Pediatric', 45),
(170497085, 'Karen Skywalker', 'Pediatrist', 48),
(170497115, 'Karen Oakenshield', 'Pediatric', 22),
(170497131, 'Karen Oswald', 'Pediatrist', 30),
(170497158, 'Karen Dent', 'Cardio', 23),
(170497206, 'Karen Kent', 'Cardio', 43),
(170497225, 'Karen Stark', 'OBGYN', 11),
(170497251, 'Karen Wilson', 'Pediatric', 35),
(170497254, 'Karen Lopez', 'OBGYN', 38),
(170497263, 'Karen Bray', 'Neuro', 13),
(170497286, 'Karen Hopper', 'Pediatrist', 31),
(170497296, 'Karen Einstein', 'Neuro', 3),
(170497324, 'Karen Shelley', 'OBGYN', 30);


/*
	(132543355, 'Amy Gonzales', 'Hematology Oncology', 15),
    (134589405, 'Nathan Jobes', 'ENT', 20),
    (940385647, 'Chris Bray', 'Oncology', 32);
    */

-- Sample patients
INSERT INTO patients
VALUES 
(170486463, 'John Ortega', 45, '1586 Park Place'),
(170486501, 'John Jobes', 16, '6837 Sesame Street'),
(170486527, 'John Jobs', 53, '2658 Sesame Street'),
(170486574, 'John Martinez', 4, '2960 Payton Place'),
(170486586, 'John Gonzales', 10, '6609 Wall Street'),
(170486603, 'John Houser', 6, '6431 Haynes Way'),
(170486645, 'John Ripley', 99, '1790 Wall Street'),
(170486678, 'John Aldrin', 6, '2946 Park Place'),
(170486716, 'John Skywalker', 72, '2313 Yellow Brick Road'),
(170486734, 'John Oakenshield', 125, '7800 Payton Place'),
(170486758, 'John Oswald', 128, '7572 Wall Street'),
(170486795, 'John Dent', 91, '3303 Yellow Brick Road'),
(170486813, 'John Kent', 51, '2467 Park Place'),
(170486839, 'John Stark', 120, '6370 Cup Lane'),
(170486850, 'John Wilson', 57, '4603 Cup Lane'),
(170486855, 'John Lopez', 40, '9585 Cup Lane'),
(170486902, 'John Bray', 72, '9989 Payton Place'),
(170486942, 'John Hopper', 35, '2460 Cup Lane'),
(170486973, 'John Einstein', 86, '1340 Payton Place'),
(170487011, 'John Shelley', 90, '7248 Haynes Way'),
(170487038, 'Jim Ortega', 72, '9722 Sesame Street'),
(170487086, 'Jim Jobes', 18, '1448 Payton Place'),
(170487136, 'Jim Jobs', 97, '7775 Payton Place'),
(170487162, 'Jim Martinez', 90, '5444 Cup Lane'),
(170487174, 'Jim Gonzales', 19, '9898 Payton Place'),
(170487206, 'Jim Houser', 82, '1669 Haynes Way'),
(170487239, 'Jim Ripley', 87, '9229 Park Place'),
(170487244, 'Jim Aldrin', 46, '4078 Yellow Brick Road'),
(170487258, 'Jim Skywalker', 60, '3036 Wall Street'),
(170487282, 'Jim Oakenshield', 128, '8900 Cup Lane'),
(170487315, 'Jim Oswald', 83, '7150 Payton Place'),
(170487318, 'Jim Dent', 79, '4639 Yellow Brick Road'),
(170487355, 'Jim Kent', 86, '10042 Madison Avenue'),
(170487390, 'Jim Stark', 14, '9606 Cup Lane'),
(170487424, 'Jim Wilson', 71, '2379 Cup Lane'),
(170487460, 'Jim Lopez', 24, '7046 Haynes Way'),
(170487463, 'Jim Bray', 97, '10988 Wall Street'),
(170487478, 'Jim Hopper', 21, '1467 Haynes Way'),
(170487484, 'Jim Einstein', 23, '7116 Park Place'),
(170487528, 'Jim Shelley', 3, '4725 Haynes Way'),
(170487537, 'Alan Ortega', 79, '6299 Cup Lane'),
(170487584, 'Alan Jobes', 89, '3572 Madison Avenue'),
(170487628, 'Alan Jobs', 71, '5707 Haynes Way'),
(170487677, 'Alan Martinez', 29, '3852 Haynes Way'),
(170487682, 'Alan Gonzales', 48, '3647 Yellow Brick Road'),
(170487729, 'Alan Houser', 114, '6609 Sesame Street'),
(170487772, 'Alan Ripley', 17, '10414 Sesame Street'),
(170487779, 'Alan Aldrin', 40, '1628 Payton Place'),
(170487803, 'Alan Skywalker', 128, '8800 Madison Avenue'),
(170487848, 'Alan Oakenshield', 115, '9843 Madison Avenue'),
(170487885, 'Alan Oswald', 58, '7775 Haynes Way'),
(170487934, 'Alan Dent', 115, '10532 Yellow Brick Road'),
(170487982, 'Alan Kent', 104, '6744 Sesame Street'),
(170488012, 'Alan Stark', 18, '2698 Wall Street'),
(170488043, 'Alan Wilson', 0, '4471 Payton Place'),
(170488084, 'Alan Lopez', 121, '6998 Wall Street'),
(170488113, 'Alan Bray', 19, '5710 Madison Avenue'),
(170488145, 'Alan Hopper', 115, '9303 Wall Street'),
(170488183, 'Alan Einstein', 11, '3645 Wall Street'),
(170488207, 'Alan Shelley', 68, '9633 Park Place'),
(170488210, 'Nathan Ortega', 48, '8747 Park Place'),
(170488213, 'Nathan Jobes', 25, '4954 Cup Lane'),
(170488237, 'Nathan Jobs', 125, '8923 Sesame Street'),
(170488282, 'Nathan Martinez', 120, '2664 Park Place'),
(170488284, 'Nathan Gonzales', 83, '9047 Park Place'),
(170488329, 'Nathan Houser', 32, '9140 Payton Place'),
(170488360, 'Nathan Ripley', 37, '10633 Yellow Brick Road'),
(170488409, 'Nathan Aldrin', 52, '9913 Yellow Brick Road'),
(170488425, 'Nathan Skywalker', 6, '7244 Cup Lane'),
(170488468, 'Nathan Oakenshield', 120, '7540 Payton Place'),
(170488499, 'Nathan Oswald', 116, '2367 Haynes Way'),
(170488531, 'Nathan Dent', 27, '2917 Madison Avenue'),
(170488533, 'Nathan Kent', 101, '3441 Park Place'),
(170488561, 'Nathan Stark', 110, '5261 Madison Avenue'),
(170488600, 'Nathan Wilson', 49, '5157 Payton Place'),
(170488622, 'Nathan Lopez', 52, '9502 Wall Street'),
(170488632, 'Nathan Bray', 126, '9168 Payton Place'),
(170488644, 'Nathan Hopper', 68, '5277 Madison Avenue'),
(170488662, 'Nathan Einstein', 74, '7462 Haynes Way'),
(170488701, 'Nathan Shelley', 22, '6595 Madison Avenue'),
(170488736, 'Jerome Ortega', 102, '5983 Sesame Street'),
(170488786, 'Jerome Jobes', 46, '3479 Madison Avenue'),
(170488810, 'Jerome Jobs', 96, '7095 Wall Street'),
(170488818, 'Jerome Martinez', 44, '5061 Madison Avenue'),
(170488825, 'Jerome Gonzales', 41, '4793 Sesame Street'),
(170488837, 'Jerome Houser', 9, '4345 Madison Avenue'),
(170488851, 'Jerome Ripley', 15, '2692 Haynes Way'),
(170488893, 'Jerome Aldrin', 110, '2532 Park Place'),
(170488942, 'Jerome Skywalker', 116, '5366 Sesame Street'),
(170488950, 'Jerome Oakenshield', 3, '4118 Madison Avenue'),
(170488969, 'Jerome Oswald', 33, '5219 Wall Street'),
(170489018, 'Jerome Dent', 93, '5345 Haynes Way'),
(170489059, 'Jerome Kent', 111, '1118 Haynes Way'),
(170489095, 'Jerome Stark', 37, '3548 Payton Place'),
(170489098, 'Jerome Wilson', 120, '5181 Madison Avenue'),
(170489139, 'Jerome Lopez', 30, '4813 Payton Place'),
(170489163, 'Jerome Bray', 23, '5769 Sesame Street'),
(170489182, 'Jerome Hopper', 36, '3629 Wall Street'),
(170489198, 'Jerome Einstein', 121, '1899 Madison Avenue'),
(170489240, 'Jerome Shelley', 28, '8056 Haynes Way'),
(170489290, 'Chris Ortega', 20, '5360 Sesame Street'),
(170489293, 'Chris Jobes', 32, '4442 Payton Place'),
(170489327, 'Chris Jobs', 87, '2742 Sesame Street'),
(170489360, 'Chris Martinez', 48, '7618 Payton Place'),
(170489408, 'Chris Gonzales', 17, '10972 Park Place'),
(170489447, 'Chris Houser', 108, '8690 Payton Place'),
(170489492, 'Chris Ripley', 105, '1733 Payton Place'),
(170489534, 'Chris Aldrin', 102, '5564 Cup Lane'),
(170489574, 'Chris Skywalker', 72, '6901 Madison Avenue'),
(170489594, 'Chris Oakenshield', 97, '2966 Wall Street'),
(170489624, 'Chris Oswald', 41, '1698 Sesame Street'),
(170489671, 'Chris Dent', 65, '6343 Madison Avenue'),
(170489716, 'Chris Kent', 93, '4035 Yellow Brick Road'),
(170489746, 'Chris Stark', 83, '5415 Payton Place'),
(170489760, 'Chris Wilson', 88, '7540 Yellow Brick Road'),
(170489782, 'Chris Lopez', 27, '4050 Cup Lane'),
(170489801, 'Chris Bray', 4, '7584 Wall Street'),
(170489820, 'Chris Hopper', 114, '10069 Haynes Way'),
(170489855, 'Chris Einstein', 16, '2997 Cup Lane'),
(170489891, 'Chris Shelley', 2, '3855 Haynes Way'),
(170489924, 'Wade Ortega', 6, '7331 Wall Street'),
(170489927, 'Wade Jobes', 116, '2129 Haynes Way'),
(170489952, 'Wade Jobs', 5, '9340 Wall Street'),
(170489965, 'Wade Martinez', 47, '8686 Sesame Street'),
(170490010, 'Wade Gonzales', 110, '7621 Payton Place'),
(170490057, 'Wade Houser', 32, '9115 Cup Lane'),
(170490094, 'Wade Ripley', 30, '7619 Cup Lane'),
(170490108, 'Wade Aldrin', 59, '6415 Wall Street'),
(170490132, 'Wade Skywalker', 62, '1663 Wall Street'),
(170490141, 'Wade Oakenshield', 11, '4420 Yellow Brick Road'),
(170490147, 'Wade Oswald', 13, '9890 Yellow Brick Road'),
(170490189, 'Wade Dent', 13, '2227 Sesame Street'),
(170490197, 'Wade Kent', 57, '9049 Payton Place'),
(170490217, 'Wade Stark', 70, '4172 Madison Avenue'),
(170490229, 'Wade Wilson', 72, '7697 Cup Lane'),
(170490243, 'Wade Lopez', 53, '4987 Yellow Brick Road'),
(170490281, 'Wade Bray', 84, '10331 Wall Street'),
(170490326, 'Wade Hopper', 99, '8211 Payton Place'),
(170490363, 'Wade Einstein', 10, '7657 Wall Street'),
(170490369, 'Wade Shelley', 63, '8839 Yellow Brick Road'),
(170490380, 'Richard Ortega', 16, '4782 Cup Lane'),
(170490381, 'Richard Jobes', 45, '10619 Park Place'),
(170490387, 'Richard Jobs', 77, '2338 Cup Lane'),
(170490423, 'Richard Martinez', 33, '1495 Park Place'),
(170490443, 'Richard Gonzales', 0, '4172 Payton Place'),
(170490469, 'Richard Houser', 18, '7139 Wall Street'),
(170490487, 'Richard Ripley', 12, '8245 Wall Street'),
(170490495, 'Richard Aldrin', 0, '8492 Haynes Way'),
(170490499, 'Richard Skywalker', 29, '4283 Haynes Way'),
(170490547, 'Richard Oakenshield', 123, '6509 Payton Place'),
(170490582, 'Richard Oswald', 78, '3626 Madison Avenue'),
(170490587, 'Richard Dent', 80, '1414 Wall Street'),
(170490603, 'Richard Kent', 65, '7764 Park Place'),
(170490617, 'Richard Stark', 51, '1465 Cup Lane'),
(170490648, 'Richard Wilson', 103, '8666 Park Place'),
(170490651, 'Richard Lopez', 17, '1191 Park Place'),
(170490701, 'Richard Bray', 33, '3873 Haynes Way'),
(170490749, 'Richard Hopper', 84, '7190 Madison Avenue'),
(170490756, 'Richard Einstein', 69, '9214 Wall Street'),
(170490795, 'Richard Shelley', 108, '2382 Payton Place'),
(170490812, 'Jose Ortega', 65, '2153 Cup Lane'),
(170490815, 'Jose Jobes', 54, '3046 Park Place'),
(170490835, 'Jose Jobs', 82, '2765 Cup Lane'),
(170490859, 'Jose Martinez', 37, '2715 Payton Place'),
(170490906, 'Jose Gonzales', 104, '6502 Cup Lane'),
(170490914, 'Jose Houser', 33, '1626 Haynes Way'),
(170490948, 'Jose Ripley', 51, '6977 Madison Avenue'),
(170490963, 'Jose Aldrin', 73, '1585 Wall Street'),
(170491012, 'Jose Skywalker', 120, '8735 Park Place'),
(170491042, 'Jose Oakenshield', 15, '1985 Madison Avenue'),
(170491087, 'Jose Oswald', 30, '5025 Haynes Way'),
(170491097, 'Jose Dent', 18, '4654 Cup Lane'),
(170491139, 'Jose Kent', 19, '9677 Sesame Street'),
(170491170, 'Jose Stark', 10, '9276 Yellow Brick Road'),
(170491190, 'Jose Wilson', 41, '5191 Madison Avenue'),
(170491230, 'Jose Lopez', 93, '6596 Yellow Brick Road'),
(170491257, 'Jose Bray', 11, '3304 Yellow Brick Road'),
(170491285, 'Jose Hopper', 70, '2028 Cup Lane'),
(170491325, 'Jose Einstein', 37, '6347 Yellow Brick Road'),
(170491344, 'Jose Shelley', 53, '1490 Payton Place'),
(170491377, 'Alex Ortega', 37, '8378 Sesame Street'),
(170491390, 'Alex Jobes', 67, '9490 Park Place'),
(170491394, 'Alex Jobs', 57, '7604 Sesame Street'),
(170491429, 'Alex Martinez', 32, '7818 Cup Lane'),
(170491436, 'Alex Gonzales', 17, '10330 Park Place'),
(170491448, 'Alex Houser', 60, '3869 Park Place'),
(170491481, 'Alex Ripley', 5, '1037 Yellow Brick Road'),
(170491521, 'Alex Aldrin', 27, '3740 Wall Street'),
(170491560, 'Alex Skywalker', 89, '2498 Cup Lane'),
(170491574, 'Alex Oakenshield', 124, '6990 Madison Avenue'),
(170491582, 'Alex Oswald', 75, '4973 Sesame Street'),
(170491593, 'Alex Dent', 110, '2361 Sesame Street'),
(170491611, 'Alex Kent', 115, '1032 Madison Avenue'),
(170491661, 'Alex Stark', 63, '5574 Payton Place'),
(170491662, 'Alex Wilson', 116, '2941 Sesame Street'),
(170491703, 'Alex Lopez', 68, '4496 Payton Place'),
(170491738, 'Alex Bray', 93, '1015 Yellow Brick Road'),
(170491740, 'Alex Hopper', 93, '8933 Haynes Way'),
(170491789, 'Alex Einstein', 87, '1365 Yellow Brick Road'),
(170491802, 'Alex Shelley', 68, '4115 Wall Street');

/*
	(387498273, 'Jack Nicholson', 75, '123 Somewhere Court'),
    (867019283, 'The Rock', 40, '123 Somewhere Circle'),
    (574049384, 'Bill Gates', 55, '123 Somewhere Avenue'),
    (182930473, 'Bill Clinton', 85, '123 Somewhere Street'),
    (938472907, 'Richard Gere', 32, '123 Somewhere Road'),
    (184382937, 'Madds Mikkelsen', 38, '123 Somewhere Manor');
    */

-- Sample pharmaceutical companies
INSERT INTO pharma_companies (name, phone)
VALUES
	('Johnson & Johnson', '(925) 556-5463'),
    ('Pfizer', '(510) 334-5566'),
    ('AstraZeneca', '(123) 456-7890');

-- Sample formulas
INSERT INTO formulas (active_ingredient, concentration)
VALUES
    ('ibuprofen', 0.25),
    ('acetominophen', 0.15),
    ('amoxicillin trihydrate', 1);

-- Sample drugs
INSERT INTO drugs (trade_name, formula_id)
VALUES
	('Motrin', 1),
    ('Vicodin', 2),
    ('Amoxicillin', 3),
    ('Morphine', 2),
    ('Zoloft', 1),
    ('Zanax', 2),
    ('Vancomyacin', 3);

-- Sample pharmacies
INSERT INTO pharmacies (name, address, phone)
VALUES
	('Prescription Palace', '123 Sesame Street, Walnut Creek, CA, 99999', '(925) 123-4567'),
    ('Over the Counter', '123 Sesame Avenue, Walnut Creek, CA, 99999', '(925) 123-9876'),
    ('Lozenge Lane', '123 Sesame Circle, Walnut Creek, CA, 99999', '(510) 123-4343'),
    ('Walgreens', '720 Sesame Avenue, Walnut Creek, CA, 99999', '(825) 123-9876'),
    ('Safeway', '666 Fire Avenue, Schitt Creek, CA, 99999', '(925) 333-9876'),
    ('Rite Aid', '200 Skirt Street, Walnut Creek, CA, 99999', '(800) 444-4444');

-- Sample entries for patient doctor relationships.
INSERT INTO patients_has_doctors
VALUES
(170486463, 170491829),
(170486501, 170491832),
(170486527, 170491856),
(170486574, 170491904),
(170486586, 170491923),
(170486603, 170491956),
(170486645, 170491994),
(170486678, 170492005),
(170486716, 170492030),
(170486734, 170492075),
(170486758, 170492107),
(170486795, 170492126),
(170486813, 170492128),
(170486839, 170492145),
(170486850, 170492195),
(170486855, 170492232),
(170486902, 170492272),
(170486942, 170492289),
(170486973, 170492305),
(170487011, 170492322),
(170487038, 170492365),
(170487086, 170492410),
(170487136, 170492428),
(170487162, 170492464),
(170487174, 170492479),
(170487206, 170492519),
(170487239, 170492566),
(170487244, 170492606),
(170487258, 170492614),
(170487282, 170492641),
(170487315, 170492661),
(170487318, 170492671),
(170487355, 170492715),
(170487390, 170492716),
(170487424, 170492752),
(170487460, 170492787),
(170487463, 170492834),
(170487478, 170492865),
(170487484, 170492915),
(170487528, 170492951),
(170487537, 170492984),
(170487584, 170492994),
(170487628, 170493001),
(170487677, 170493015),
(170487682, 170493059),
(170487729, 170493089),
(170487772, 170493138),
(170487779, 170493171),
(170487803, 170493216),
(170487848, 170493227),
(170487885, 170493237),
(170487934, 170493275),
(170487982, 170493304),
(170488012, 170493317),
(170488043, 170493319),
(170488084, 170493366),
(170488113, 170493405),
(170488145, 170493432),
(170488183, 170493475),
(170488207, 170493525),
(170488210, 170493545),
(170488213, 170493573),
(170488237, 170493588),
(170488282, 170493614),
(170488284, 170493649),
(170488329, 170493658),
(170488360, 170493662),
(170488409, 170493710),
(170488425, 170493757),
(170488468, 170493800),
(170488499, 170493811),
(170488531, 170493839),
(170488533, 170493856),
(170488561, 170493892),
(170488600, 170493941),
(170488622, 170493987),
(170488632, 170494034),
(170488644, 170494071),
(170488662, 170494084),
(170488701, 170494132),
(170488736, 170494139),
(170488786, 170494172),
(170488810, 170494195),
(170488818, 170494215),
(170488825, 170494252),
(170488837, 170494288),
(170488851, 170494308),
(170488893, 170494331),
(170488942, 170494352),
(170488950, 170494359),
(170488969, 170494371),
(170489018, 170494416),
(170489059, 170494450),
(170489095, 170494480),
(170489098, 170494526),
(170489139, 170494569),
(170489163, 170494582),
(170489182, 170494591),
(170489198, 170494637),
(170489240, 170494678),
(170489290, 170494698),
(170489293, 170494742),
(170489327, 170494776),
(170489360, 170494809),
(170489408, 170494826),
(170489447, 170494873),
(170489492, 170494881),
(170489534, 170494928),
(170489574, 170494946),
(170489594, 170494986),
(170489624, 170495035),
(170489671, 170495067),
(170489716, 170495107),
(170489746, 170495154),
(170489760, 170495193),
(170489782, 170495221),
(170489801, 170495229),
(170489820, 170495276),
(170489855, 170495317),
(170489891, 170495350),
(170489924, 170495388),
(170489927, 170495396),
(170489952, 170495414),
(170489965, 170495429),
(170490010, 170495439),
(170490057, 170495473),
(170490094, 170495503),
(170490108, 170495528),
(170490132, 170495576),
(170490141, 170495584),
(170490147, 170495611),
(170490189, 170495621),
(170490197, 170495636),
(170490217, 170495645),
(170490229, 170495647),
(170490243, 170495684),
(170490281, 170495719),
(170490326, 170495746),
(170490363, 170495751),
(170490369, 170495763),
(170490380, 170495783),
(170490381, 170495829),
(170490387, 170495848),
(170490423, 170495858),
(170490443, 170495888),
(170490469, 170495897),
(170490487, 170495903),
(170490495, 170495947),
(170490499, 170495982),
(170490547, 170496018),
(170490582, 170496030),
(170490587, 170496042),
(170490603, 170496043),
(170490617, 170496069),
(170490648, 170496103),
(170490651, 170496111),
(170490701, 170496153),
(170490749, 170496167),
(170490756, 170496211),
(170490795, 170496237),
(170490812, 170496247),
(170490815, 170496291),
(170490835, 170496336),
(170490859, 170496361),
(170490906, 170496397),
(170490914, 170496430),
(170490948, 170496462),
(170490963, 170496471),
(170491012, 170496487),
(170491042, 170496525),
(170491087, 170496544),
(170491097, 170496570),
(170491139, 170496602),
(170491170, 170496647),
(170491190, 170496677),
(170491230, 170496717),
(170491257, 170496761),
(170491285, 170496766),
(170491325, 170496802),
(170491344, 170496849),
(170491377, 170496852),
(170491390, 170496895),
(170491394, 170496924),
(170491429, 170496944),
(170491436, 170496972),
(170491448, 170497007),
(170491481, 170497027),
(170491521, 170497038),
(170491560, 170497085),
(170491574, 170497115),
(170491582, 170497131),
(170491593, 170497158),
(170491611, 170497206),
(170491661, 170497225),
(170491662, 170497251),
(170491703, 170497254),
(170491738, 170497263),
(170491740, 170497286),
(170491789, 170497296),
(170491802, 170497324);

-- Sample entries for relationship between pharmacies and drugs.
INSERT INTO pharmacies_has_drugs
VALUES
	(1, "Motrin", 15.00),
    (1, "Vicodin", 30.00),
    (1, "Amoxicillin", 159.64),
    (1, "Morphine", 230.23),
    (1, "Zoloft", 77.00),
    (1, "Zanax", 121.30),
    (1, "Vancomyacin", 1200.00),
    
	(2, "Motrin", 18.00),
    (2, "Vicodin", 20.00),
    (2, "Amoxicillin", 35.00),
    (2, "Morphine", 238.00),
    (2, "Zoloft", 34.00),
    (2, "Zanax", 159.00),
    (2, "Vancomyacin", 165.00),
    
	(3, "Motrin", 22.00),
    (3, "Vicodin", 23.00),
    (3, "Amoxicillin", 135.00),
    (3, "Morphine", 198.00),
    (3, "Zoloft", 75.00),
    (3, "Zanax", 264.00),
    (3, "Vancomyacin", 187.00),
    
	(4, "Motrin", 14.75),
    (4, "Vicodin", 50.00),
    (4, "Amoxicillin", 108.99),
    (4, "Morphine", 202.00),
    (4, "Zoloft", 45.00),
    (4, "Zanax", 375.00),
    (4, "Vancomyacin", 125.00),
    
	(5, "Motrin", 25.00),
    (5, "Vicodin", 29.50),
    (5, "Amoxicillin", 150.00),
    (5, "Morphine", 200.00),
    (5, "Zoloft", 75.00),
    (5, "Zanax", 175.99),
    (5, "Vancomyacin", 235.37),
    
	(6, "Motrin", 115.00),
    (6, "Vicodin", 1.00),
    (6, "Amoxicillin", 10.00),
    (6, "Morphine", 150.00),
    (6, "Zoloft", 50.00),
    (6, "Zanax", 200.00),
    (6, "Vancomyacin", 300.00);
    

INSERT INTO drugs_has_pharma_companies
VALUES
	("Motrin", 1),
    ("Motrin", 2),
    ("Vicodin", 2),
    ("Vicodin", 3),
    ("Amoxicillin", 1),
    ("Amoxicillin", 2),
    ("Amoxicillin", 3),
    
	("Morphine", 1),
    ("Morphine", 2),
    ("Morphine", 3),
    
    ("Zoloft", 1),
    ("Zoloft", 3),
    
    ("Zanax", 1),
    ("Zanax", 2),
    ("Zanax", 3),
    
    ("Vancomyacin", 1),
    ("Vancomyacin", 2);

INSERT INTO prescriptions (patients_ssn, doctors_ssn, drug_trade_name, filling_pharmacy_id, filled_on, quantity)
VALUES
(170486463, 170491829, 'Vicodin', 2, '2021-6-11', 124),
(170486501, 170491832, 'Zoloft', 2, '2020-4-23', 134),
(170486527, 170491856, 'Vicodin', 4, '2020-10-14', 185),
(170486574, 170491904, 'Zoloft', 4, '2020-7-14', 83),
(170486586, 170491923, 'Morphine', 4, '2021-5-21', 80),
(170486603, 170491956, 'Zanax', 3, '2021-8-10', 83),
(170486645, 170491994, 'Zoloft', 4, '2020-3-18', 44),
(170486678, 170492005, 'Vicodin', 2, '2021-8-0', 88),
(170486716, 170492030, 'Zoloft', 4, '2020-4-23', 121),
(170486734, 170492075, 'Zanax', 5, '2021-6-27', 139),
(170486758, 170492107, 'Zanax', 3, '2021-11-19', 69),
(170486795, 170492126, 'Zoloft', 1, '2021-8-14', 15),
(170486813, 170492128, 'Zanax', 5, '2021-11-25', 34),
(170486839, 170492145, 'Motrin', 2, '2021-11-18', 195),
(170486850, 170492195, 'Amoxicillin', 4, '2021-4-2', 110),
(170486855, 170492232, 'Vancomyacin', 6, '2021-1-4', 86),
(170486902, 170492272, 'Motrin', 2, '2020-2-21', 81),
(170486942, 170492289, 'Vicodin', 3, '2021-1-15', 195),
(170486973, 170492305, 'Morphine', 1, '2020-2-5', 45),
(170487011, 170492322, 'Motrin', 2, '2020-8-1', 149),
(170487038, 170492365, 'Amoxicillin', 6, '2020-5-26', 164),
(170487086, 170492410, 'Vancomyacin', NULL, NULL, 197),
(170487136, 170492428, 'Zanax', 3, '2021-2-0', 18),
(170487162, 170492464, 'Vicodin', 4, '2021-9-23', 110),
(170487174, 170492479, 'Zoloft', 1, '2020-5-5', 131),
(170487206, 170492519, 'Vicodin', 6, '2020-12-22', 26),
(170487239, 170492566, 'Amoxicillin', 1, '2020-7-3', 15),
(170487244, 170492606, 'Zoloft', NULL, NULL, 61),
(170487258, 170492614, 'Vicodin', 1, '2021-10-3', 178),
(170487282, 170492641, 'Zanax', NULL, NULL, 152),
(170487315, 170492661, 'Morphine', 5, '2021-12-20', 111),
(170487318, 170492671, 'Motrin', 6, '2020-10-24', 41),
(170487355, 170492715, 'Motrin', 2, '2020-7-7', 180),
(170487390, 170492716, 'Vancomyacin', 4, '2021-5-18', 143),
(170487424, 170492752, 'Vancomyacin', 3, '2021-8-24', 169),
(170487460, 170492787, 'Zoloft', 6, '2020-5-0', 98),
(170487463, 170492834, 'Zoloft', 4, '2020-1-11', 177),
(170487478, 170492865, 'Vicodin', 3, '2020-10-12', 175),
(170487484, 170492915, 'Vicodin', 6, '2020-3-26', 75),
(170487528, 170492951, 'Vancomyacin', 6, '2020-5-8', 162),
(170487537, 170492984, 'Vancomyacin', 6, '2021-5-19', 145),
(170487584, 170492994, 'Vancomyacin', 1, '2020-12-12', 92),
(170487628, 170493001, 'Zoloft', 4, '2020-3-13', 159),
(170487677, 170493015, 'Amoxicillin', NULL, NULL, 93),
(170487682, 170493059, 'Vancomyacin', 6, '2020-2-10', 56),
(170487729, 170493089, 'Vicodin', 4, '2020-3-26', 188),
(170487772, 170493138, 'Morphine', 6, '2021-4-5', 1),
(170487779, 170493171, 'Vancomyacin', 1, '2021-8-1', 81),
(170487803, 170493216, 'Vicodin', 1, '2020-9-3', 57),
(170487848, 170493227, 'Vancomyacin', 2, '2020-7-13', 180),
(170487885, 170493237, 'Vancomyacin', 3, '2020-4-16', 192),
(170487934, 170493275, 'Amoxicillin', 4, '2021-3-2', 103),
(170487982, 170493304, 'Zanax', 1, '2020-5-8', 147),
(170488012, 170493317, 'Amoxicillin', NULL, NULL, 199),
(170488043, 170493319, 'Morphine', 3, '2020-4-15', 26),
(170488084, 170493366, 'Zoloft', 3, '2020-8-3', 56),
(170488113, 170493405, 'Motrin', 4, '2020-12-24', 88),
(170488145, 170493432, 'Zanax', 3, '2020-4-8', 7),
(170488183, 170493475, 'Zanax', 4, '2020-7-17', 136),
(170488207, 170493525, 'Vicodin', 3, '2021-8-7', 42),
(170488210, 170493545, 'Vancomyacin', 4, '2021-12-24', 129),
(170488213, 170493573, 'Morphine', 5, '2021-10-22', 122),
(170488237, 170493588, 'Amoxicillin', 3, '2021-3-26', 56),
(170488282, 170493614, 'Zoloft', 5, '2021-7-18', 105),
(170488284, 170493649, 'Motrin', 2, '2020-12-8', 140),
(170488329, 170493658, 'Amoxicillin', 4, '2020-8-4', 191),
(170488360, 170493662, 'Amoxicillin', 6, '2021-3-21', 159),
(170488409, 170493710, 'Morphine', 6, '2020-8-20', 167),
(170488425, 170493757, 'Zoloft', 6, '2021-1-22', 175),
(170488468, 170493800, 'Motrin', 4, '2020-7-26', 119),
(170488499, 170493811, 'Zanax', 3, '2021-12-17', 147),
(170488531, 170493839, 'Morphine', 1, '2021-6-9', 165),
(170488533, 170493856, 'Vicodin', 2, '2020-6-20', 50),
(170488561, 170493892, 'Amoxicillin', 5, '2021-8-21', 101),
(170488600, 170493941, 'Motrin', 4, '2021-7-9', 24),
(170488622, 170493987, 'Motrin', 1, '2020-2-25', 192),
(170488632, 170494034, 'Morphine', 4, '2021-9-1', 41),
(170488644, 170494071, 'Morphine', 5, '2020-4-10', 71),
(170488662, 170494084, 'Amoxicillin', 5, '2021-1-18', 112),
(170488701, 170494132, 'Vancomyacin', 4, '2021-3-0', 78),
(170488736, 170494139, 'Amoxicillin', NULL, NULL, 65),
(170488786, 170494172, 'Vicodin', NULL, NULL, 132),
(170488810, 170494195, 'Motrin', 3, '2021-4-6', 169),
(170488818, 170494215, 'Zoloft', 1, '2020-9-17', 166),
(170488825, 170494252, 'Amoxicillin', 1, '2020-1-4', 103),
(170488837, 170494288, 'Vicodin', 3, '2020-6-15', 20),
(170488851, 170494308, 'Motrin', 4, '2021-8-17', 11),
(170488893, 170494331, 'Vancomyacin', NULL, NULL, 100),
(170488942, 170494352, 'Vancomyacin', 4, '2020-2-23', 173),
(170488950, 170494359, 'Vicodin', 6, '2020-9-4', 92),
(170488969, 170494371, 'Zanax', 4, '2020-11-23', 128),
(170489018, 170494416, 'Morphine', 5, '2021-2-0', 179),
(170489059, 170494450, 'Vicodin', 2, '2021-3-7', 165),
(170489095, 170494480, 'Morphine', 3, '2021-2-15', 119),
(170489098, 170494526, 'Vicodin', 5, '2020-10-23', 99),
(170489139, 170494569, 'Motrin', 5, '2021-12-22', 194),
(170489163, 170494582, 'Zoloft', 4, '2021-7-13', 92),
(170489182, 170494591, 'Motrin', 4, '2021-9-22', 182),
(170489198, 170494637, 'Vancomyacin', 1, '2020-3-12', 187),
(170489240, 170494678, 'Zanax', NULL, NULL, 137),
(170489290, 170494698, 'Zoloft', 4, '2020-12-22', 112),
(170489293, 170494742, 'Vicodin', 2, '2021-2-19', 106),
(170489327, 170494776, 'Zoloft', NULL, NULL, 86),
(170489360, 170494809, 'Motrin', 1, '2020-11-4', 33),
(170489408, 170494826, 'Amoxicillin', 3, '2021-5-21', 91),
(170489447, 170494873, 'Vicodin', 3, '2021-7-10', 165),
(170489492, 170494881, 'Vicodin', NULL, NULL, 62),
(170489534, 170494928, 'Zanax', 6, '2020-3-5', 144),
(170489574, 170494946, 'Motrin', 1, '2021-6-27', 135),
(170489594, 170494986, 'Morphine', 4, '2020-4-17', 134),
(170489624, 170495035, 'Motrin', 1, '2021-3-1', 200),
(170489671, 170495067, 'Motrin', 2, '2020-2-4', 107),
(170489716, 170495107, 'Vicodin', 6, '2021-5-26', 185),
(170489746, 170495154, 'Vancomyacin', 2, '2020-1-20', 3),
(170489760, 170495193, 'Morphine', 3, '2020-4-26', 32),
(170489782, 170495221, 'Vancomyacin', NULL, NULL, 107),
(170489801, 170495229, 'Zanax', 2, '2021-3-20', 127),
(170489820, 170495276, 'Motrin', 5, '2021-4-14', 141),
(170489855, 170495317, 'Vicodin', 6, '2020-4-18', 183),
(170489891, 170495350, 'Vancomyacin', 1, '2021-2-17', 105),
(170489924, 170495388, 'Zoloft', 3, '2020-11-27', 170),
(170489927, 170495396, 'Vancomyacin', 5, '2021-9-17', 151),
(170489952, 170495414, 'Vicodin', 3, '2021-1-3', 174),
(170489965, 170495429, 'Zoloft', 1, '2020-3-3', 2),
(170490010, 170495439, 'Morphine', 3, '2020-8-26', 173),
(170490057, 170495473, 'Morphine', 2, '2021-1-5', 39),
(170490094, 170495503, 'Motrin', 1, '2021-11-14', 25),
(170490108, 170495528, 'Zanax', 4, '2020-1-27', 100),
(170490132, 170495576, 'Morphine', 5, '2021-10-15', 28),
(170490141, 170495584, 'Amoxicillin', 3, '2021-4-27', 21),
(170490147, 170495611, 'Vicodin', 6, '2021-8-9', 45),
(170490189, 170495621, 'Morphine', 1, '2021-12-25', 128),
(170490197, 170495636, 'Amoxicillin', 3, '2021-10-6', 54),
(170490217, 170495645, 'Motrin', 1, '2020-7-16', 96),
(170490229, 170495647, 'Morphine', 2, '2020-1-21', 163),
(170490243, 170495684, 'Amoxicillin', 4, '2021-4-21', 87),
(170490281, 170495719, 'Morphine', 5, '2021-8-7', 36),
(170490326, 170495746, 'Zoloft', 4, '2020-3-18', 69),
(170490363, 170495751, 'Vicodin', 1, '2021-3-1', 123),
(170490369, 170495763, 'Vancomyacin', 6, '2021-9-6', 181),
(170490380, 170495783, 'Morphine', 2, '2021-3-7', 97),
(170490381, 170495829, 'Vicodin', 1, '2021-9-0', 184),
(170490387, 170495848, 'Zanax', NULL, NULL, 10),
(170490423, 170495858, 'Zanax', 1, '2020-5-18', 90),
(170490443, 170495888, 'Morphine', 5, '2021-1-18', 113),
(170490469, 170495897, 'Vancomyacin', 4, '2021-5-17', 33),
(170490487, 170495903, 'Motrin', NULL, NULL, 125),
(170490495, 170495947, 'Morphine', 4, '2021-10-20', 124),
(170490499, 170495982, 'Zoloft', 3, '2020-5-0', 99),
(170490547, 170496018, 'Zoloft', 3, '2020-4-5', 160),
(170490582, 170496030, 'Motrin', NULL, NULL, 61),
(170490587, 170496042, 'Morphine', NULL, NULL, 175),
(170490603, 170496043, 'Motrin', NULL, NULL, 183),
(170490617, 170496069, 'Amoxicillin', NULL, NULL, 10),
(170490648, 170496103, 'Vicodin', NULL, NULL, 34),
(170490651, 170496111, 'Motrin', 3, '2020-9-15', 158),
(170490701, 170496153, 'Motrin', NULL, NULL, 17),
(170490749, 170496167, 'Vancomyacin', 5, '2021-5-25', 35),
(170490756, 170496211, 'Vancomyacin', 3, '2021-5-8', 136),
(170490795, 170496237, 'Vancomyacin', 3, '2020-2-6', 8),
(170490812, 170496247, 'Vancomyacin', 3, '2020-8-6', 28),
(170490815, 170496291, 'Vancomyacin', 4, '2020-1-12', 2),
(170490835, 170496336, 'Zanax', 1, '2021-3-10', 165),
(170490859, 170496361, 'Zoloft', 1, '2021-11-2', 60),
(170490906, 170496397, 'Amoxicillin', 5, '2021-7-23', 136),
(170490914, 170496430, 'Amoxicillin', 2, '2021-3-21', 161),
(170490948, 170496462, 'Motrin', 2, '2021-9-4', 57),
(170490963, 170496471, 'Vancomyacin', NULL, NULL, 37),
(170491012, 170496487, 'Amoxicillin', 4, '2020-2-26', 198),
(170491042, 170496525, 'Vicodin', 4, '2020-10-18', 35),
(170491087, 170496544, 'Zoloft', 1, '2020-6-25', 158),
(170491097, 170496570, 'Zanax', NULL, NULL, 24),
(170491139, 170496602, 'Amoxicillin', NULL, NULL, 159),
(170491170, 170496647, 'Morphine', 5, '2021-5-7', 5),
(170491190, 170496677, 'Vicodin', 6, '2021-7-5', 119),
(170491230, 170496717, 'Amoxicillin', 4, '2020-4-10', 58),
(170491257, 170496761, 'Motrin', 1, '2020-12-19', 97),
(170491285, 170496766, 'Vancomyacin', 4, '2020-11-14', 6),
(170491325, 170496802, 'Vancomyacin', 6, '2021-5-7', 169),
(170491344, 170496849, 'Vancomyacin', 4, '2020-8-19', 195),
(170491377, 170496852, 'Vancomyacin', NULL, NULL, 139),
(170491390, 170496895, 'Vicodin', 6, '2020-7-27', 191),
(170491394, 170496924, 'Motrin', 5, '2021-9-2', 109),
(170491429, 170496944, 'Zoloft', 6, '2021-5-26', 6),
(170491436, 170496972, 'Morphine', 4, '2021-7-20', 52),
(170491448, 170497007, 'Zanax', 4, '2021-6-9', 164),
(170491481, 170497027, 'Zanax', 1, '2021-9-11', 180),
(170491521, 170497038, 'Zoloft', 1, '2020-6-10', 47),
(170491560, 170497085, 'Zoloft', 1, '2021-12-18', 137),
(170491574, 170497115, 'Vicodin', 3, '2021-4-18', 49),
(170491582, 170497131, 'Vicodin', 4, '2021-4-8', 114),
(170491593, 170497158, 'Morphine', 2, '2021-8-27', 20),
(170491611, 170497206, 'Morphine', 4, '2021-9-9', 124),
(170491661, 170497225, 'Zanax', 1, '2020-12-0', 15),
(170491662, 170497251, 'Amoxicillin', 6, '2020-10-16', 164),
(170491703, 170497254, 'Vicodin', 6, '2020-2-20', 45),
(170491738, 170497263, 'Amoxicillin', NULL, NULL, 86),
(170491740, 170497286, 'Motrin', 6, '2021-12-1', 149),
(170491789, 170497296, 'Zanax', 4, '2021-6-21', 147),
(170491802, 170497324, 'Motrin', 5, '2021-11-19', 101);

INSERT INTO supervisors
VALUES
    (523654, 'Jeremiah Bullfrog', '(123) 456-7890'),
    (839483, 'Jimmy Johns', '(123) 456-2612'),
    (102867, 'Ricky Ricksters', '(123) 201-2936');

INSERT INTO contracts
VALUES
    (1, 1, 'You shall pay an immense amount of money to us.', '2021-01-10', '2022-01-10', 523654),
    (2, 2, 'We only want you to sell two million units.', '2020-05-17', '2022-05-17', 839483),
    (3, 3, 'Please sell as much as you can, and pay us 100% of the profits.', '2018-02-28', '2020-02-28', 102867);

INSERT INTO pharmacies_has_supervisors
VALUES
	(1, 523654),
    (2, 839483),
    (3, 102867);
